,listing_type,listing_title,Host Level,bed_type,availability,price,rating,number_of_ratings,Link
1,Condo in Mombasa,"Stylish 2-Bedroom apt. All Ensuite with pool, Lift",Superhost,2 beds,Aug 18 – 25,$52,4.8,5,www.airbnb.com/rooms/613404406511746670?adults=1&children=0&infants=0&check_in=2022-08-18&check_out=2022-08-25&previous_page_section_name=1000
2,Private room in Mombasa,SeaOne Nyali Mombasa Studio Private room w/ pool,Superhost,1 queen bed,Nov 1 – 8,$27,4.73,11,www.airbnb.com/rooms/54244452?adults=1&children=0&infants=0&check_in=2022-11-01&check_out=2022-11-08&previous_page_section_name=1000
3,Apartment in Mombasa,Stylish studio in Bamburi,Superhost,1 bed,Jan 17 – 24,$17,4.77,22,www.airbnb.com/rooms/51220039?adults=1&children=0&infants=0&check_in=2023-01-17&check_out=2023-01-24&previous_page_section_name=1000
4,Cottage in Tiwi,Luxury Honeymoon Cottage/Tent Tiwi Beach Kenya....,Superhost,2 beds,Nov 17 – 24,$164,4.93,139,www.airbnb.com/rooms/10556825?adults=1&children=0&infants=0&check_in=2022-11-17&check_out=2022-11-24&previous_page_section_name=1000
5,Condo in Mombasa,Cozy studio with a free parking on premises,Starter / Mid,1 bed,Aug 16 – 23,$25,5.0,3,www.airbnb.com/rooms/649244496391409388?adults=1&children=0&infants=0&check_in=2022-08-16&check_out=2022-08-23&previous_page_section_name=1000
6,Apartment in Mombasa,Stylish One bedroom Apartment,Starter / Mid,1 bed,Sep 20 – 27,$33,4.57,21,www.airbnb.com/rooms/52791569?adults=1&children=0&infants=0&check_in=2022-09-20&check_out=2022-09-27&previous_page_section_name=1000
7,Condo in Mombasa,"Coral Studio, Clean, pool, WiFi, lift and Netflix",Superhost,1 bed,Aug 15 – 22,$30,4.81,21,www.airbnb.com/rooms/583648592504940285?adults=1&children=0&infants=0&check_in=2022-08-15&check_out=2022-08-22&previous_page_section_name=1000
8,Apartment in Mtwapa,"Modern, Cozy Studio Wi-Fi|Netflix◇with Hot shower",Superhost,1 queen bed,Mar 24 – 31,$21,4.97,36,www.airbnb.com/rooms/46421735?adults=1&children=0&infants=0&check_in=2023-03-24&check_out=2023-03-31&previous_page_section_name=1000
9,Apartment in Mombasa,"STYLISH, CLEAN  1BR, WIFI,NETFLIX, HOT WATER NYALI",Starter / Mid,1 king bed,Oct 23 – 30,$28,4.64,28,www.airbnb.com/rooms/49939712?adults=1&children=0&infants=0&check_in=2022-10-23&check_out=2022-10-30&previous_page_section_name=1000
10,Condo in Mombasa ,"Clean, Co️mfy, Designer Studio, WiFi Netflix 50”TV",Superhost,1 queen bed,Sep 11 – 18,$32,4.84,116,www.airbnb.com/rooms/41245448?adults=1&children=0&infants=0&check_in=2022-09-11&check_out=2022-09-18&previous_page_section_name=1000
11,Apartment in Mombasa,"The Teal House, Mombasa || 1 Br || 43' Smart Tv",Superhost,1 bed,Sep 30 – Oct 7,$28,5.0,4,www.airbnb.com/rooms/630206329943518985?adults=1&children=0&infants=0&check_in=2022-09-30&check_out=2022-10-07&previous_page_section_name=1000
12,Vacation home in Mombasa,Lovely Studio Apartment with a Pool,Starter / Mid,1 double bed,Jan 19 – 26,$16,4.7,23,www.airbnb.com/rooms/53866957?adults=1&children=0&infants=0&check_in=2023-01-19&check_out=2023-01-26&previous_page_section_name=1000
13,Private room in Mombasa,"Romantic 4 poster bed, sea view, own living room",Superhost,2 beds,Aug 17 – 24,$28,4.84,119,www.airbnb.com/rooms/11593645?adults=1&children=0&infants=0&check_in=2022-08-17&check_out=2022-08-24&previous_page_section_name=1000
14,Condo in Mombasa,2 bedroom apartment Nyali turquoise with wifi,Starter / Mid,3 beds,Aug 8 – 15,$67,4.37,35,www.airbnb.com/rooms/38184787?adults=1&children=0&infants=0&check_in=2022-08-08&check_out=2022-08-15&previous_page_section_name=1000
15,Apartment in Mombasa,"Benice bloom, cossy and classy apartment",Starter / Mid,1 bed,Apr 21 – 28,$23,4.5,6,www.airbnb.com/rooms/562910447834619908?adults=1&children=0&infants=0&check_in=2023-04-21&check_out=2023-04-28&previous_page_section_name=1000
16,Apartment in Mombasa,Royal 2 Bedroom Sea View Apartment in Nyali,Starter / Mid,2 beds,Sep 11 – 18,$65,4.79,39,www.airbnb.com/rooms/45523966?adults=1&children=0&infants=0&check_in=2022-09-11&check_out=2022-09-18&previous_page_section_name=1000
17,Apartment in Mombasa,Shirley’s Deluxe Apart. with Pool & Beach Access,Superhost,1 bed,Oct 17 – 24,$32,4.94,31,www.airbnb.com/rooms/50948447?adults=1&children=0&infants=0&check_in=2022-10-17&check_out=2022-10-24&previous_page_section_name=1000
18,Apartment in Mombasa,"Sweet Haven, 1BR, Clean, Stylish, Wifi, Netflix",Superhost,1 double bed,Nov 24 – Dec 1,$32,4.8,46,www.airbnb.com/rooms/47155450?adults=1&children=0&infants=0&check_in=2022-11-24&check_out=2022-12-01&previous_page_section_name=1000
19,Apartment in Mombasa,SERENE STUDIO. (King Size Bed).,Starter / Mid,1 king bed,Apr 3 – 10,$18,4.5,10,www.airbnb.com/rooms/556855670956145729?adults=1&children=0&infants=0&check_in=2023-04-03&check_out=2023-04-10&previous_page_section_name=1000
20,Condo in Mombasa,MICASA 2 BEDROOM NYALI WITH WIFI/POOL/JACUZZI/LIFT,Starter / Mid,2 beds,Sep 7 – 14,$62,4.6,5,www.airbnb.com/rooms/53354619?adults=1&children=0&infants=0&check_in=2022-09-07&check_out=2022-09-14&previous_page_section_name=1000
21,Loft in Mombasa,Cosy Loft With Rooftop Swimming Pool -Nyali Road,Starter / Mid,2 beds,Aug 5 – 12,$17,4.52,50,www.airbnb.com/rooms/50493489?adults=1&children=0&infants=0&check_in=2022-08-05&check_out=2022-08-12&previous_page_section_name=1000
22,Cottage in Tiwi,Luxury Honeymoon Cottage/Tent Tiwi Beach Kenya....,Superhost,2 beds,Nov 17 – 24,$164,4.93,139,www.airbnb.com/rooms/10556825?adults=1&children=0&infants=0&check_in=2022-11-17&check_out=2022-11-24&previous_page_section_name=1000
23,Condo in Mombasa,"Stylish 2-Bedroom apt. All Ensuite with pool, Lift",Superhost,2 beds,Jul 27 – Aug 3,$68,4.8,5,www.airbnb.com/rooms/613404406511746670?adults=1&children=0&infants=0&check_in=2022-07-27&check_out=2022-08-03&previous_page_section_name=1000
24,Condo in Mombasa,2 bedroom apartment Nyali turquoise with wifi,Starter / Mid,3 beds,Jul 12 – 19,$67,4.37,35,www.airbnb.com/rooms/38184787?adults=1&children=0&infants=0&check_in=2022-07-12&check_out=2022-07-19&previous_page_section_name=1000
25,Private room in Mombasa,SeaOne Nyali Mombasa Studio Private room w/ pool,Superhost,1 queen bed,Aug 18 – 25,$50,4.73,11,www.airbnb.com/rooms/54244452?adults=1&children=0&infants=0&check_in=2022-08-18&check_out=2022-08-25&previous_page_section_name=1000
26,Condo in Mombasa,Cozy studio with a free parking on premises,Starter / Mid,1 bed,Dec 29 – Jan 5,$25,5.0,3,www.airbnb.com/rooms/649244496391409388?adults=1&children=0&infants=0&check_in=2022-12-29&check_out=2023-01-05&previous_page_section_name=1000
27,Apartment in Mombasa,Stylish studio in Bamburi,Superhost,1 bed,Sep 28 – Oct 5,$18,4.77,22,www.airbnb.com/rooms/51220039?adults=1&children=0&infants=0&check_in=2022-09-28&check_out=2022-10-05&previous_page_section_name=1000
28,Apartment in Mtwapa,"Modern, Cozy Studio Wi-Fi|Netflix◇with Hot shower",Superhost,1 queen bed,Oct 27 – Nov 3,$20,4.97,36,www.airbnb.com/rooms/46421735?adults=1&children=0&infants=0&check_in=2022-10-27&check_out=2022-11-03&previous_page_section_name=1000
29,Apartment in Mombasa,Stylish One bedroom Apartment,Starter / Mid,1 bed,Nov 6 – 13,$33,4.57,21,www.airbnb.com/rooms/52791569?adults=1&children=0&infants=0&check_in=2022-11-06&check_out=2022-11-13&previous_page_section_name=1000
30,Apartment in Mombasa,"STYLISH, CLEAN  1BR, WIFI,NETFLIX, HOT WATER NYALI",Starter / Mid,1 king bed,Oct 5 – 12,$27,4.64,28,www.airbnb.com/rooms/49939712?adults=1&children=0&infants=0&check_in=2022-10-05&check_out=2022-10-12&previous_page_section_name=1000
31,Condo in Mombasa,MICASA 2 BEDROOM NYALI WITH WIFI/POOL/JACUZZI/LIFT,Starter / Mid,2 beds,Nov 10 – 17,$62,4.6,5,www.airbnb.com/rooms/53354619?adults=1&children=0&infants=0&check_in=2022-11-10&check_out=2022-11-17&previous_page_section_name=1000
32,Condo in Mombasa,"Serene 2-BR Beachfront Apartment with Pool, WiFi",Superhost,3 beds,Oct 12 – 19,$57,New,0,www.airbnb.com/rooms/646948858122528113?adults=1&children=0&infants=0&check_in=2022-10-12&check_out=2022-10-19&previous_page_section_name=1000
33,Vacation home in Mombasa,Lovely Studio Apartment with a Pool,Starter / Mid,1 double bed,Feb 20 – 27,$16,4.7,23,www.airbnb.com/rooms/53866957?adults=1&children=0&infants=0&check_in=2023-02-20&check_out=2023-02-27&previous_page_section_name=1000
34,Apartment in Mombasa,"The Teal House, Mombasa || 1 Br || 43' Smart Tv",Superhost,1 bed,Aug 10 – 17,$32,5.0,4,www.airbnb.com/rooms/630206329943518985?adults=1&children=0&infants=0&check_in=2022-08-10&check_out=2022-08-17&previous_page_section_name=1000
35,Private room in Mombasa,"Romantic 4 poster bed, sea view, own living room",Superhost,2 beds,Jul 28 – Aug 4,$27,4.84,119,www.airbnb.com/rooms/11593645?adults=1&children=0&infants=0&check_in=2022-07-28&check_out=2022-08-04&previous_page_section_name=1000
36,Apartment in Mombasa,Shirley’s Deluxe Apart. with Pool & Beach Access,Superhost,1 bed,Oct 15 – 22,$32,4.94,31,www.airbnb.com/rooms/50948447?adults=1&children=0&infants=0&check_in=2022-10-15&check_out=2022-10-22&previous_page_section_name=1000
37,Apartment in Mombasa,"Benice bloom, cossy and classy apartment",Starter / Mid,1 bed,Mar 2 – 9,$23,4.5,6,www.airbnb.com/rooms/562910447834619908?adults=1&children=0&infants=0&check_in=2023-03-02&check_out=2023-03-09&previous_page_section_name=1000
38,Apartment in Mombasa,"Sweet Haven, 1BR, Clean, Stylish, Wifi, Netflix",Superhost,1 double bed,Dec 2 – 9,$32,4.8,46,www.airbnb.com/rooms/47155450?adults=1&children=0&infants=0&check_in=2022-12-02&check_out=2022-12-09&previous_page_section_name=1000
39,Condo in Mombasa ,"Clean, Co️mfy, Designer Studio, WiFi Netflix 50”TV",Superhost,1 queen bed,Oct 22 – 29,$29,4.84,116,www.airbnb.com/rooms/41245448?adults=1&children=0&infants=0&check_in=2022-10-22&check_out=2022-10-29&previous_page_section_name=1000
40,Apartment in Mombasa,"SERENE 1 BR, LIFT, WIFI, NETFLIX, HOT WATER, NYALI",Starter / Mid,1 queen bed,Aug 9 – 16,$31,4.71,31,www.airbnb.com/rooms/48006262?adults=1&children=0&infants=0&check_in=2022-08-09&check_out=2022-08-16&previous_page_section_name=1000
41,Apartment in Mombasa,Stylish studio in Bamburi,Superhost,1 bed,Apr 30 – May 7,$17,New,0,www.airbnb.com/rooms/51220039?adults=1&children=0&infants=0&check_in=2023-04-30&check_out=2023-05-07&previous_page_section_name=1000
42,Cottage in Tiwi,Luxury Honeymoon Cottage/Tent Tiwi Beach Kenya....,Superhost,2 beds,Nov 27 – Dec 4,$164,New,0,www.airbnb.com/rooms/10556825?adults=1&children=0&infants=0&check_in=2022-11-27&check_out=2022-12-04&previous_page_section_name=1000
43,Private room in Mombasa,SeaOne Nyali Mombasa Studio Private room w/ pool,Superhost,1 queen bed,Sep 10 – 17,$43,New,0,www.airbnb.com/rooms/54244452?adults=1&children=0&infants=0&check_in=2022-09-10&check_out=2022-09-17&previous_page_section_name=1000
44,Condo in Mombasa,Cozy studio with a free parking on premises,Starter / Mid,1 bed,Feb 12 – 19,$25,New,0,www.airbnb.com/rooms/649244496391409388?adults=1&children=0&infants=0&check_in=2023-02-12&check_out=2023-02-19&previous_page_section_name=1000
45,Condo in Mombasa,"Stylish 2-Bedroom apt. All Ensuite with pool, Lift",Superhost,2 beds,Sep 3 – 10,$68,New,0,www.airbnb.com/rooms/613404406511746670?adults=1&children=0&infants=0&check_in=2022-09-03&check_out=2022-09-10&previous_page_section_name=1000
46,Condo in Mombasa,2 bedroom apartment Nyali turquoise with wifi,Starter / Mid,3 beds,Aug 17 – 24,$67,New,0,www.airbnb.com/rooms/38184787?adults=1&children=0&infants=0&check_in=2022-08-17&check_out=2022-08-24&previous_page_section_name=1000
47,Apartment in Mombasa,"Sweet Haven, 1BR, Clean, Stylish, Wifi, Netflix",Superhost,1 double bed,Aug 13 – 20,$27,New,0,www.airbnb.com/rooms/47155450?adults=1&children=0&infants=0&check_in=2022-08-13&check_out=2022-08-20&previous_page_section_name=1000
48,Apartment in Mombasa,Stylish One bedroom Apartment,Starter / Mid,1 bed,Feb 9 – 16,$33,New,0,www.airbnb.com/rooms/52791569?adults=1&children=0&infants=0&check_in=2023-02-09&check_out=2023-02-16&previous_page_section_name=1000
49,Apartment in Mtwapa,"Modern, Cozy Studio Wi-Fi|Netflix◇with Hot shower",Superhost,1 queen bed,Mar 5 – 12,$21,New,0,www.airbnb.com/rooms/46421735?adults=1&children=0&infants=0&check_in=2023-03-05&check_out=2023-03-12&previous_page_section_name=1000
50,Apartment in Mombasa,Royal 2 Bedroom Sea View Apartment in Nyali,Starter / Mid,2 beds,Aug 20 – 27,$65,New,0,www.airbnb.com/rooms/45523966?adults=1&children=0&infants=0&check_in=2022-08-20&check_out=2022-08-27&previous_page_section_name=1000
51,Condo in Mombasa,Goldie’s beach studio,Starter / Mid,1 bed,Apr 6 – 13,$27,New,0,www.airbnb.com/rooms/50095906?adults=1&children=0&infants=0&check_in=2023-04-06&check_out=2023-04-13&previous_page_section_name=1000
52,Vacation home in Mombasa,Lovely Studio Apartment with a Pool,Starter / Mid,1 double bed,Dec 3 – 10,$16,New,0,www.airbnb.com/rooms/53866957?adults=1&children=0&infants=0&check_in=2022-12-03&check_out=2022-12-10&previous_page_section_name=1000
53,Condo in Mombasa,MICASA 2 BEDROOM NYALI WITH WIFI/POOL/JACUZZI/LIFT,Starter / Mid,2 beds,Sep 28 – Oct 5,$62,New,0,www.airbnb.com/rooms/53354619?adults=1&children=0&infants=0&check_in=2022-09-28&check_out=2022-10-05&previous_page_section_name=1000
54,Private room in Mombasa,"Romantic 4 poster bed, sea view, own living room",Superhost,2 beds,Aug 7 – 14,$27,New,0,www.airbnb.com/rooms/11593645?adults=1&children=0&infants=0&check_in=2022-08-07&check_out=2022-08-14&previous_page_section_name=1000
55,Condo in Mombasa,"Serene 2-BR Beachfront Apartment with Pool, WiFi",Superhost,3 beds,Jun 21 – 28,$60,New,0,www.airbnb.com/rooms/646948858122528113?adults=1&children=0&infants=0&check_in=2023-06-21&check_out=2023-06-28&previous_page_section_name=1000
56,Apartment in Mombasa,"The Teal House, Mombasa || 1 Br || 43' Smart Tv",Superhost,1 bed,Aug 24 – 31,$32,New,0,www.airbnb.com/rooms/630206329943518985?adults=1&children=0&infants=0&check_in=2022-08-24&check_out=2022-08-31&previous_page_section_name=1000
57,Apartment in Mombasa,"Benice bloom, cossy and classy apartment",Starter / Mid,1 bed,Feb 26 – Mar 5,$23,New,0,www.airbnb.com/rooms/562910447834619908?adults=1&children=0&infants=0&check_in=2023-02-26&check_out=2023-03-05&previous_page_section_name=1000
58,Apartment in Mombasa,Shirley’s Deluxe Apart. with Pool & Beach Access,Superhost,1 bed,Aug 9 – 16,$32,New,0,www.airbnb.com/rooms/50948447?adults=1&children=0&infants=0&check_in=2022-08-09&check_out=2022-08-16&previous_page_section_name=1000
59,Private room in Mombasa,single room nyali mombasa,Starter / Mid,1 single bed,Aug 21 – 28,$12,New,0,www.airbnb.com/rooms/648285686004538959?adults=1&children=0&infants=0&check_in=2022-08-21&check_out=2022-08-28&previous_page_section_name=1000
60,Condo in Mombasa,"Coral Studio, Clean, pool, WiFi, lift and Netflix",Superhost,1 bed,Nov 14 – 21,$34,New,0,www.airbnb.com/rooms/583648592504940285?adults=1&children=0&infants=0&check_in=2022-11-14&check_out=2022-11-21&previous_page_section_name=1000
61,Loft in Mombasa,Cosy Loft With Rooftop Swimming Pool -Nyali Road,Starter / Mid,2 beds,Sep 15 – 22,$18,4.52,50,www.airbnb.com/rooms/50493489?adults=1&children=0&infants=0&check_in=2022-09-15&check_out=2022-09-22&previous_page_section_name=1000
62,Cottage in Tiwi,Luxury Honeymoon Cottage/Tent Tiwi Beach Kenya....,Superhost,2 beds,Dec 2 – 9,$164,4.93,139,www.airbnb.com/rooms/10556825?adults=1&children=0&infants=0&check_in=2022-12-02&check_out=2022-12-09&previous_page_section_name=1000
63,Apartment in Mombasa,Stylish studio in Bamburi,Superhost,1 bed,Feb 27 – Mar 6,$17,4.77,22,www.airbnb.com/rooms/51220039?adults=1&children=0&infants=0&check_in=2023-02-27&check_out=2023-03-06&previous_page_section_name=1000
64,Condo in Mombasa,"Stylish 2-Bedroom apt. All Ensuite with pool, Lift",Superhost,2 beds,Sep 20 – 27,$68,4.8,5,www.airbnb.com/rooms/613404406511746670?adults=1&children=0&infants=0&check_in=2022-09-20&check_out=2022-09-27&previous_page_section_name=1000
65,Condo in Mombasa,2 bedroom apartment Nyali turquoise with wifi,Starter / Mid,3 beds,Aug 15 – 22,$67,4.37,35,www.airbnb.com/rooms/38184787?adults=1&children=0&infants=0&check_in=2022-08-15&check_out=2022-08-22&previous_page_section_name=1000
66,Condo in Mombasa,Cozy studio with a free parking on premises,Starter / Mid,1 bed,Dec 25 – Jan 1,$25,5.0,3,www.airbnb.com/rooms/649244496391409388?adults=1&children=0&infants=0&check_in=2022-12-25&check_out=2023-01-01&previous_page_section_name=1000
67,Apartment in Mombasa,"Benice bloom, cossy and classy apartment",Starter / Mid,1 bed,Aug 11 – 18,$20,4.5,6,www.airbnb.com/rooms/562910447834619908?adults=1&children=0&infants=0&check_in=2022-08-11&check_out=2022-08-18&previous_page_section_name=1000
68,Apartment in Mombasa,Stylish One bedroom Apartment,Starter / Mid,1 bed,Jun 30 – Jul 7,$33,4.57,21,www.airbnb.com/rooms/52791569?adults=1&children=0&infants=0&check_in=2023-06-30&check_out=2023-07-07&previous_page_section_name=1000
69,Apartment in Mtwapa,"Modern, Cozy Studio Wi-Fi|Netflix◇with Hot shower",Superhost,1 queen bed,Nov 28 – Dec 5,$21,4.97,36,www.airbnb.com/rooms/46421735?adults=1&children=0&infants=0&check_in=2022-11-28&check_out=2022-12-05&previous_page_section_name=1000
70,Apartment in Mombasa,Royal 2 Bedroom Sea View Apartment in Nyali,Starter / Mid,2 beds,Sep 30 – Oct 7,$65,4.79,39,www.airbnb.com/rooms/45523966?adults=1&children=0&infants=0&check_in=2022-09-30&check_out=2022-10-07&previous_page_section_name=1000
71,Private room in Mombasa,SeaOne Nyali Mombasa Studio Private room w/ pool,Superhost,1 queen bed,Jul 22 – 29,$60,4.73,11,www.airbnb.com/rooms/54244452?adults=1&children=0&infants=0&check_in=2022-07-22&check_out=2022-07-29&previous_page_section_name=1000
72,Vacation home in Mombasa,Lovely Studio Apartment with a Pool,Starter / Mid,1 double bed,Jun 14 – 21,$16,4.7,23,www.airbnb.com/rooms/53866957?adults=1&children=0&infants=0&check_in=2023-06-14&check_out=2023-06-21&previous_page_section_name=1000
73,Condo in Mombasa,MICASA 2 BEDROOM NYALI WITH WIFI/POOL/JACUZZI/LIFT,Starter / Mid,2 beds,Nov 18 – 25,$62,4.6,5,www.airbnb.com/rooms/53354619?adults=1&children=0&infants=0&check_in=2022-11-18&check_out=2022-11-25&previous_page_section_name=1000
74,Apartment in Mombasa,"Sweet Haven, 1BR, Clean, Stylish, Wifi, Netflix",Superhost,1 double bed,Oct 6 – 13,$29,4.8,46,www.airbnb.com/rooms/47155450?adults=1&children=0&infants=0&check_in=2022-10-06&check_out=2022-10-13&previous_page_section_name=1000
75,Condo in Mombasa,"Serene 2-BR Beachfront Apartment with Pool, WiFi",Superhost,3 beds,May 15 – 22,$60,New,0,www.airbnb.com/rooms/646948858122528113?adults=1&children=0&infants=0&check_in=2023-05-15&check_out=2023-05-22&previous_page_section_name=1000
76,Apartment in Mombasa,"STYLISH, CLEAN  1BR, WIFI,NETFLIX, HOT WATER NYALI",Starter / Mid,1 king bed,Dec 10 – 17,$29,4.64,28,www.airbnb.com/rooms/49939712?adults=1&children=0&infants=0&check_in=2022-12-10&check_out=2022-12-17&previous_page_section_name=1000
77,Apartment in Mombasa,"The Teal House, Mombasa || 1 Br || 43' Smart Tv",Superhost,1 bed,Aug 9 – 16,$32,5.0,4,www.airbnb.com/rooms/630206329943518985?adults=1&children=0&infants=0&check_in=2022-08-09&check_out=2022-08-16&previous_page_section_name=1000
78,Private room in Mombasa,"Romantic 4 poster bed, sea view, own living room",Superhost,2 beds,Sep 6 – 13,$28,4.84,119,www.airbnb.com/rooms/11593645?adults=1&children=0&infants=0&check_in=2022-09-06&check_out=2022-09-13&previous_page_section_name=1000
79,Condo in Mombasa,"Coral Studio, Clean, pool, WiFi, lift and Netflix",Superhost,1 bed,Sep 1 – 8,$29,4.81,21,www.airbnb.com/rooms/583648592504940285?adults=1&children=0&infants=0&check_in=2022-09-01&check_out=2022-09-08&previous_page_section_name=1000
80,Apartment in Mombasa,Shirley’s Deluxe Apart. with Pool & Beach Access,Superhost,1 bed,Aug 23 – 30,$32,4.94,31,www.airbnb.com/rooms/50948447?adults=1&children=0&infants=0&check_in=2022-08-23&check_out=2022-08-30&previous_page_section_name=1000
81,Condo in Mombasa ,"Clean, Co️mfy, Designer Studio, WiFi Netflix 50”TV",Superhost,1 queen bed,Nov 19 – 26,$29,4.84,116,www.airbnb.com/rooms/41245448?adults=1&children=0&infants=0&check_in=2022-11-19&check_out=2022-11-26&previous_page_section_name=1000
82,Vacation home in Mombasa,Lovely Studio Apartment with a Pool,Starter / Mid,1 double bed,Jul 22 – 29,$14,4.7,23,www.airbnb.com/rooms/53866957?adults=1&children=0&infants=0&check_in=2022-07-22&check_out=2022-07-29&previous_page_section_name=1000
83,Private room in Mombasa,"Romantic 4 poster bed, sea view, own living room",Superhost,2 beds,Aug 25 – Sep 1,$27,4.84,119,www.airbnb.com/rooms/11593645?adults=1&children=0&infants=0&check_in=2022-08-25&check_out=2022-09-01&previous_page_section_name=1000
84,Apartment in Mombasa,"Sweet Haven, 1BR, Clean, Stylish, Wifi, Netflix",Superhost,1 double bed,Jul 16 – 23,$27,4.8,46,www.airbnb.com/rooms/47155450?adults=1&children=0&infants=0&check_in=2022-07-16&check_out=2022-07-23&previous_page_section_name=1000
85,Loft in Mombasa,Cosy Loft With Rooftop Swimming Pool -Nyali Road,Starter / Mid,2 beds,Oct 28 – Nov 4,$21,4.52,50,www.airbnb.com/rooms/50493489?adults=1&children=0&infants=0&check_in=2022-10-28&check_out=2022-11-04&previous_page_section_name=1000
86,Condo in Mombasa,"Coral Studio, Clean, pool, WiFi, lift and Netflix",Superhost,1 bed,Oct 14 – 21,$38,4.81,21,www.airbnb.com/rooms/583648592504940285?adults=1&children=0&infants=0&check_in=2022-10-14&check_out=2022-10-21&previous_page_section_name=1000
87,Apartment in Mombasa,SERENE STUDIO. (King Size Bed).,Starter / Mid,1 king bed,Feb 16 – 23,$18,4.5,10,www.airbnb.com/rooms/556855670956145729?adults=1&children=0&infants=0&check_in=2023-02-16&check_out=2023-02-23&previous_page_section_name=1000
88,Condo in Mombasa,"Sunshine Studio, Clean, pool, Wifi, lift, Netflix",Superhost,1 bed,Aug 11 – 18,$35,4.83,101,www.airbnb.com/rooms/45878393?adults=1&children=0&infants=0&check_in=2022-08-11&check_out=2022-08-18&previous_page_section_name=1000
89,Apartment in Mombasa,Cosy 1 bedroom rental unit in serene environment,Starter / Mid,1 bed,Oct 25 – Nov 1,$19,4.72,25,www.airbnb.com/rooms/53795704?adults=1&children=0&infants=0&check_in=2022-10-25&check_out=2022-11-01&previous_page_section_name=1000
90,Apartment in Mtwapa,"Modern, Cozy Studio Wi-Fi|Netflix◇with Hot shower",Superhost,1 queen bed,Mar 11 – 18,$21,4.97,36,www.airbnb.com/rooms/46421735?adults=1&children=0&infants=0&check_in=2023-03-11&check_out=2023-03-18&previous_page_section_name=1000
91,Private room in Mombasa,"Luxurious low bed, private ensuite, seaview!",Superhost,2 beds,Nov 10 – 17,$32,4.79,114,www.airbnb.com/rooms/18145464?adults=1&children=0&infants=0&check_in=2022-11-10&check_out=2022-11-17&previous_page_section_name=1000
92,Private room in Mombasa,Ella Cozy studio Across the beach,Starter / Mid,1 double bed,Jun 18 – 25,$23,4.58,55,www.airbnb.com/rooms/42617550?adults=1&children=0&infants=0&check_in=2023-06-18&check_out=2023-06-25&previous_page_section_name=1000
93,Apartment in Ukunda,Nakamu109 beachlife,Starter / Mid,1 queen bed,Oct 7 – 14,$22,4.57,46,www.airbnb.com/rooms/49846922?adults=1&children=0&infants=0&check_in=2022-10-07&check_out=2022-10-14&previous_page_section_name=1000
94,Private room in Mombasa,"Cute, breezy, single room, own bathroom.",Superhost,1 bed,Oct 30 – Nov 6,$18,4.91,22,www.airbnb.com/rooms/18147537?adults=1&children=0&infants=0&check_in=2022-10-30&check_out=2022-11-06&previous_page_section_name=1000
95,Apartment in Mombasa,Stylish One bedroom Apartment,Starter / Mid,1 bed,Mar 1 – 8,$33,4.57,21,www.airbnb.com/rooms/52791569?adults=1&children=0&infants=0&check_in=2023-03-01&check_out=2023-03-08&previous_page_section_name=1000
96,Condo in Mombasa,"Stylish 2-Bedroom apt. All Ensuite with pool, Lift",Superhost,2 beds,Aug 20 – 27,$52,4.8,5,www.airbnb.com/rooms/613404406511746670?adults=1&children=0&infants=0&check_in=2022-08-20&check_out=2022-08-27&previous_page_section_name=1000
97,Condo in Mombasa,"Afrodelic one bed; free parking,close to the beach",Starter / Mid,1 bed,Sep 25 – Oct 2,$22,4.5,10,www.airbnb.com/rooms/584534934370251416?adults=1&children=0&infants=0&check_in=2022-09-25&check_out=2022-10-02&previous_page_section_name=1000
98,Condo in Mombasa,"Cosy One Bedroom on Beach Road, Nyali",Superhost,1 bed,Feb 15 – 22,$25,4.78,9,www.airbnb.com/rooms/575323390872038723?adults=1&children=0&infants=0&check_in=2023-02-15&check_out=2023-02-22&previous_page_section_name=1000
99,Apartment in Mombasa,"Clean, lovely, and peaceful studio in Bamburi",Superhost,1 bed,Oct 3 – 10,$14,4.9,10,www.airbnb.com/rooms/34592643?adults=1&children=0&infants=0&check_in=2022-10-03&check_out=2022-10-10&previous_page_section_name=1000
100,Apartment in Mombasa,"The Lighthouse, Mombasa | AC | 1 Br | 43' Smart Tv",Superhost,1 bed,Sep 7 – 14,$32,4.83,18,www.airbnb.com/rooms/53367980?adults=1&children=0&infants=0&check_in=2022-09-07&check_out=2022-09-14&previous_page_section_name=1000
101,Private room in Mombasa,SeaOne Nyali Mombasa Studio Private room w/ pool,Superhost,1 queen bed,Dec 10 – 17,$24,New,0,www.airbnb.com/rooms/54244452?adults=1&children=0&infants=0&check_in=2022-12-10&check_out=2022-12-17&previous_page_section_name=1000
102,Cottage in Tiwi,Luxury Honeymoon Cottage/Tent Tiwi Beach Kenya....,Superhost,2 beds,Nov 27 – Dec 4,$164,New,0,www.airbnb.com/rooms/10556825?adults=1&children=0&infants=0&check_in=2022-11-27&check_out=2022-12-04&previous_page_section_name=1000
103,Apartment in Mombasa,Stylish studio in Bamburi,Superhost,1 bed,Jul 31 – Aug 7,$18,New,0,www.airbnb.com/rooms/51220039?adults=1&children=0&infants=0&check_in=2022-07-31&check_out=2022-08-07&previous_page_section_name=1000
104,Apartment in Mombasa,"Sweet Haven, 1BR, Clean, Stylish, Wifi, Netflix",Superhost,1 double bed,Aug 4 – 11,$26,New,0,www.airbnb.com/rooms/47155450?adults=1&children=0&infants=0&check_in=2022-08-04&check_out=2022-08-11&previous_page_section_name=1000
105,Condo in Mombasa,Cozy studio with a free parking on premises,Starter / Mid,1 bed,Apr 9 – 16,$25,New,0,www.airbnb.com/rooms/649244496391409388?adults=1&children=0&infants=0&check_in=2023-04-09&check_out=2023-04-16&previous_page_section_name=1000
106,Apartment in Mtwapa,"Modern, Cozy Studio Wi-Fi|Netflix◇with Hot shower",Superhost,1 queen bed,Oct 11 – 18,$20,New,0,www.airbnb.com/rooms/46421735?adults=1&children=0&infants=0&check_in=2022-10-11&check_out=2022-10-18&previous_page_section_name=1000
107,Apartment in Mombasa,Stylish One bedroom Apartment,Starter / Mid,1 bed,Jun 14 – 21,$33,New,0,www.airbnb.com/rooms/52791569?adults=1&children=0&infants=0&check_in=2023-06-14&check_out=2023-06-21&previous_page_section_name=1000
108,Apartment in Mombasa,"Benice bloom, cossy and classy apartment",Starter / Mid,1 bed,Aug 23 – 30,$20,New,0,www.airbnb.com/rooms/562910447834619908?adults=1&children=0&infants=0&check_in=2022-08-23&check_out=2022-08-30&previous_page_section_name=1000
109,Condo in Mombasa,Goldie’s beach studio,Starter / Mid,1 bed,Apr 23 – 30,$27,New,0,www.airbnb.com/rooms/50095906?adults=1&children=0&infants=0&check_in=2023-04-23&check_out=2023-04-30&previous_page_section_name=1000
110,Vacation home in Mombasa,Lovely Studio Apartment with a Pool,Starter / Mid,1 double bed,Dec 6 – 13,$16,New,0,www.airbnb.com/rooms/53866957?adults=1&children=0&infants=0&check_in=2022-12-06&check_out=2022-12-13&previous_page_section_name=1000
111,Condo in Mombasa,2 bedroom apartment Nyali turquoise with wifi,Starter / Mid,3 beds,Aug 6 – 13,$67,New,0,www.airbnb.com/rooms/38184787?adults=1&children=0&infants=0&check_in=2022-08-06&check_out=2022-08-13&previous_page_section_name=1000
112,Private room in Mombasa,"Romantic 4 poster bed, sea view, own living room",Superhost,2 beds,Aug 10 – 17,$27,New,0,www.airbnb.com/rooms/11593645?adults=1&children=0&infants=0&check_in=2022-08-10&check_out=2022-08-17&previous_page_section_name=1000
113,Apartment in Mombasa,Royal 2 Bedroom Sea View Apartment in Nyali,Starter / Mid,2 beds,Sep 21 – 28,$65,New,0,www.airbnb.com/rooms/45523966?adults=1&children=0&infants=0&check_in=2022-09-21&check_out=2022-09-28&previous_page_section_name=1000
114,Condo in Mombasa,"Serene 2-BR Beachfront Apartment with Pool, WiFi",Superhost,3 beds,May 22 – 29,$60,New,0,www.airbnb.com/rooms/646948858122528113?adults=1&children=0&infants=0&check_in=2023-05-22&check_out=2023-05-29&previous_page_section_name=1000
115,Condo in Mombasa,"Coral Studio, Clean, pool, WiFi, lift and Netflix",Superhost,1 bed,Nov 30 – Dec 7,$33,New,0,www.airbnb.com/rooms/583648592504940285?adults=1&children=0&infants=0&check_in=2022-11-30&check_out=2022-12-07&previous_page_section_name=1000
116,Apartment in Mombasa,"The Teal House, Mombasa || 1 Br || 43' Smart Tv",Superhost,1 bed,Aug 28 – Sep 4,$32,New,0,www.airbnb.com/rooms/630206329943518985?adults=1&children=0&infants=0&check_in=2022-08-28&check_out=2022-09-04&previous_page_section_name=1000
117,Condo in Mombasa,MICASA 2 BEDROOM NYALI WITH WIFI/POOL/JACUZZI/LIFT,Starter / Mid,2 beds,Nov 22 – 29,$62,New,0,www.airbnb.com/rooms/53354619?adults=1&children=0&infants=0&check_in=2022-11-22&check_out=2022-11-29&previous_page_section_name=1000
118,Apartment in Mombasa,Shirley’s Deluxe Apart. with Pool & Beach Access,Superhost,1 bed,Sep 28 – Oct 5,$32,New,0,www.airbnb.com/rooms/50948447?adults=1&children=0&infants=0&check_in=2022-09-28&check_out=2022-10-05&previous_page_section_name=1000
119,Private room in Mombasa,Lovely single bed units for sleep over,Starter / Mid,1 bed,Aug 13 – 20,$12,New,0,www.airbnb.com/rooms/637972931550302452?adults=1&children=0&infants=0&check_in=2022-08-13&check_out=2022-08-20&previous_page_section_name=1000
120,Condo in Mombasa,"0112086094, Spacious 1BR VOK-Nyali",Starter / Mid,1 bed,Aug 3 – 10,$29,New,0,www.airbnb.com/rooms/47592951?adults=1&children=0&infants=0&check_in=2022-08-03&check_out=2022-08-10&previous_page_section_name=1000
121,Loft in Mombasa,Cosy Loft With Rooftop Swimming Pool -Nyali Road,Starter / Mid,2 beds,Oct 21 – 28,$19,4.52,50,www.airbnb.com/rooms/50493489?adults=1&children=0&infants=0&check_in=2022-10-21&check_out=2022-10-28&previous_page_section_name=1000
122,Private room in Mombasa,SeaOne Nyali Mombasa Studio Private room w/ pool,Superhost,1 queen bed,Nov 18 – 25,$24,4.73,11,www.airbnb.com/rooms/54244452?adults=1&children=0&infants=0&check_in=2022-11-18&check_out=2022-11-25&previous_page_section_name=1000
123,Cottage in Tiwi,Luxury Honeymoon Cottage/Tent Tiwi Beach Kenya....,Superhost,2 beds,Nov 16 – 23,$164,4.93,139,www.airbnb.com/rooms/10556825?adults=1&children=0&infants=0&check_in=2022-11-16&check_out=2022-11-23&previous_page_section_name=1000
124,Apartment in Mombasa,Stylish studio in Bamburi,Superhost,1 bed,Mar 30 – Apr 6,$17,4.77,22,www.airbnb.com/rooms/51220039?adults=1&children=0&infants=0&check_in=2023-03-30&check_out=2023-04-06&previous_page_section_name=1000
125,Condo in Mombasa,Cozy studio with a free parking on premises,Starter / Mid,1 bed,Mar 9 – 16,$25,5.0,3,www.airbnb.com/rooms/649244496391409388?adults=1&children=0&infants=0&check_in=2023-03-09&check_out=2023-03-16&previous_page_section_name=1000
126,Apartment in Mtwapa,"Modern, Cozy Studio Wi-Fi|Netflix◇with Hot shower",Superhost,1 queen bed,Mar 4 – 11,$21,4.97,36,www.airbnb.com/rooms/46421735?adults=1&children=0&infants=0&check_in=2023-03-04&check_out=2023-03-11&previous_page_section_name=1000
127,Apartment in Mombasa,"Sweet Haven, 1BR, Clean, Stylish, Wifi, Netflix",Superhost,1 double bed,Jul 28 – Aug 4,$26,4.8,46,www.airbnb.com/rooms/47155450?adults=1&children=0&infants=0&check_in=2022-07-28&check_out=2022-08-04&previous_page_section_name=1000
128,Condo in Mombasa,2 bedroom apartment Nyali turquoise with wifi,Starter / Mid,3 beds,Sep 11 – 18,$62,4.37,35,www.airbnb.com/rooms/38184787?adults=1&children=0&infants=0&check_in=2022-09-11&check_out=2022-09-18&previous_page_section_name=1000
129,Apartment in Mombasa,Stylish One bedroom Apartment,Starter / Mid,1 bed,Apr 4 – 11,$33,4.57,21,www.airbnb.com/rooms/52791569?adults=1&children=0&infants=0&check_in=2023-04-04&check_out=2023-04-11&previous_page_section_name=1000
130,Apartment in Mombasa,"STYLISH, CLEAN  1BR, WIFI,NETFLIX, HOT WATER NYALI",Starter / Mid,1 king bed,Sep 28 – Oct 5,$27,4.64,28,www.airbnb.com/rooms/49939712?adults=1&children=0&infants=0&check_in=2022-09-28&check_out=2022-10-05&previous_page_section_name=1000
131,Condo in Mombasa,"Coral Studio, Clean, pool, WiFi, lift and Netflix",Superhost,1 bed,Sep 20 – 27,$30,4.81,21,www.airbnb.com/rooms/583648592504940285?adults=1&children=0&infants=0&check_in=2022-09-20&check_out=2022-09-27&previous_page_section_name=1000
132,Vacation home in Mombasa,Lovely Studio Apartment with a Pool,Starter / Mid,1 double bed,Jun 18 – 25,$16,4.7,23,www.airbnb.com/rooms/53866957?adults=1&children=0&infants=0&check_in=2023-06-18&check_out=2023-06-25&previous_page_section_name=1000
133,Private room in Mombasa,"Romantic 4 poster bed, sea view, own living room",Superhost,2 beds,Aug 2 – 9,$27,4.84,119,www.airbnb.com/rooms/11593645?adults=1&children=0&infants=0&check_in=2022-08-02&check_out=2022-08-09&previous_page_section_name=1000
134,Apartment in Mombasa,Royal 2 Bedroom Sea View Apartment in Nyali,Starter / Mid,2 beds,Sep 3 – 10,$65,4.79,39,www.airbnb.com/rooms/45523966?adults=1&children=0&infants=0&check_in=2022-09-03&check_out=2022-09-10&previous_page_section_name=1000
135,Villa in Mombasa,Villa Ninety Four- Mombasa (North Coast),Starter / Mid,6 beds,Aug 16 – 23,$33,4.78,9,www.airbnb.com/rooms/40727497?adults=1&children=0&infants=0&check_in=2022-08-16&check_out=2022-08-23&previous_page_section_name=1000
136,Condo in Mombasa ,"Clean, Co️mfy, Designer Studio, WiFi Netflix 50”TV",Superhost,1 queen bed,Nov 12 – 19,$29,4.84,116,www.airbnb.com/rooms/41245448?adults=1&children=0&infants=0&check_in=2022-11-12&check_out=2022-11-19&previous_page_section_name=1000
137,Apartment in Mombasa,"The Teal House, Mombasa || 1 Br || 43' Smart Tv",Superhost,1 bed,Jul 13 – 20,$31,5.0,4,www.airbnb.com/rooms/630206329943518985?adults=1&children=0&infants=0&check_in=2022-07-13&check_out=2022-07-20&previous_page_section_name=1000
138,Condo in Mombasa,"Serene 2-BR Beachfront Apartment with Pool, WiFi",Superhost,3 beds,Apr 1 – 8,$60,New,0,www.airbnb.com/rooms/646948858122528113?adults=1&children=0&infants=0&check_in=2023-04-01&check_out=2023-04-08&previous_page_section_name=1000
139,Apartment in Mombasa,Shirley’s Deluxe Apart. with Pool & Beach Access,Superhost,1 bed,Aug 22 – 29,$32,4.94,31,www.airbnb.com/rooms/50948447?adults=1&children=0&infants=0&check_in=2022-08-22&check_out=2022-08-29&previous_page_section_name=1000
140,Private room in Mombasa,single room nyali mombasa,Starter / Mid,1 single bed,Aug 19 – 26,$12,New,0,www.airbnb.com/rooms/648285686004538959?adults=1&children=0&infants=0&check_in=2022-08-19&check_out=2022-08-26&previous_page_section_name=1000
141,Condo in Mombasa ,"Clean, Co️mfy, Designer Studio, WiFi Netflix 50”TV",Superhost,1 queen bed,Aug 19 – 26,$27,4.84,116,www.airbnb.com/rooms/41245448?adults=1&children=0&infants=0&check_in=2022-08-19&check_out=2022-08-26&previous_page_section_name=1000
142,Condo in Mombasa,"Coral Studio, Clean, pool, WiFi, lift and Netflix",Superhost,1 bed,Jul 28 – Aug 4,$28,4.81,21,www.airbnb.com/rooms/583648592504940285?adults=1&children=0&infants=0&check_in=2022-07-28&check_out=2022-08-04&previous_page_section_name=1000
143,Vacation home in Mombasa,Lovely Studio Apartment with a Pool,Starter / Mid,1 double bed,Oct 16 – 23,$14,4.7,23,www.airbnb.com/rooms/53866957?adults=1&children=0&infants=0&check_in=2022-10-16&check_out=2022-10-23&previous_page_section_name=1000
144,Private room in Mombasa,"Romantic 4 poster bed, sea view, own living room",Superhost,2 beds,Aug 17 – 24,$28,4.84,119,www.airbnb.com/rooms/11593645?adults=1&children=0&infants=0&check_in=2022-08-17&check_out=2022-08-24&previous_page_section_name=1000
145,Apartment in Mombasa,"Sweet Haven, 1BR, Clean, Stylish, Wifi, Netflix",Superhost,1 double bed,Aug 11 – 18,$26,4.8,46,www.airbnb.com/rooms/47155450?adults=1&children=0&infants=0&check_in=2022-08-11&check_out=2022-08-18&previous_page_section_name=1000
146,Apartment in Mtwapa,"Modern, Cozy Studio Wi-Fi|Netflix◇with Hot shower",Superhost,1 queen bed,Aug 19 – 26,$20,4.97,36,www.airbnb.com/rooms/46421735?adults=1&children=0&infants=0&check_in=2022-08-19&check_out=2022-08-26&previous_page_section_name=1000
147,Condo in Mombasa,"Sunshine Studio, Clean, pool, Wifi, lift, Netflix",Superhost,1 bed,Aug 7 – 14,$39,4.83,101,www.airbnb.com/rooms/45878393?adults=1&children=0&infants=0&check_in=2022-08-07&check_out=2022-08-14&previous_page_section_name=1000
148,Apartment in Mombasa,SERENE STUDIO. (King Size Bed).,Starter / Mid,1 king bed,Dec 9 – 16,$18,4.5,10,www.airbnb.com/rooms/556855670956145729?adults=1&children=0&infants=0&check_in=2022-12-09&check_out=2022-12-16&previous_page_section_name=1000
149,Apartment in Mombasa,Cosy 1 bedroom rental unit in serene environment,Starter / Mid,1 bed,Sep 6 – 13,$19,4.72,25,www.airbnb.com/rooms/53795704?adults=1&children=0&infants=0&check_in=2022-09-06&check_out=2022-09-13&previous_page_section_name=1000
150,Private room in Mombasa,"Luxurious low bed, private ensuite, seaview!",Superhost,2 beds,Oct 19 – 26,$26,4.79,114,www.airbnb.com/rooms/18145464?adults=1&children=0&infants=0&check_in=2022-10-19&check_out=2022-10-26&previous_page_section_name=1000
151,Private room in Mombasa,single room nyali mombasa,Starter / Mid,1 single bed,Jul 24 – 31,$12,New,0,www.airbnb.com/rooms/648285686004538959?adults=1&children=0&infants=0&check_in=2022-07-24&check_out=2022-07-31&previous_page_section_name=1000
152,Private room in Mombasa,Ella Cozy studio Across the beach,Starter / Mid,1 double bed,Jun 1 – 8,$23,4.58,55,www.airbnb.com/rooms/42617550?adults=1&children=0&infants=0&check_in=2023-06-01&check_out=2023-06-08&previous_page_section_name=1000
153,Apartment in Mombasa,Stylish One bedroom Apartment,Starter / Mid,1 bed,Sep 26 – Oct 3,$33,4.57,21,www.airbnb.com/rooms/52791569?adults=1&children=0&infants=0&check_in=2022-09-26&check_out=2022-10-03&previous_page_section_name=1000
154,Condo in Mombasa,"Afrodelic one bed; free parking,close to the beach",Starter / Mid,1 bed,Apr 5 – 12,$22,4.5,10,www.airbnb.com/rooms/584534934370251416?adults=1&children=0&infants=0&check_in=2023-04-05&check_out=2023-04-12&previous_page_section_name=1000
155,Private room in Mombasa,"Cute, breezy, single room, own bathroom.",Superhost,1 bed,Mar 3 – 10,$20,4.91,22,www.airbnb.com/rooms/18147537?adults=1&children=0&infants=0&check_in=2023-03-03&check_out=2023-03-10&previous_page_section_name=1000
156,Apartment in Ukunda,Nakamu109 beachlife,Starter / Mid,1 queen bed,Jul 30 – Aug 6,$24,4.57,46,www.airbnb.com/rooms/49846922?adults=1&children=0&infants=0&check_in=2022-07-30&check_out=2022-08-06&previous_page_section_name=1000
157,Condo in Mombasa,"Cosy One Bedroom on Beach Road, Nyali",Superhost,1 bed,Sep 19 – 26,$25,4.78,9,www.airbnb.com/rooms/575323390872038723?adults=1&children=0&infants=0&check_in=2022-09-19&check_out=2022-09-26&previous_page_section_name=1000
158,Apartment in Mombasa,"Clean, lovely, and peaceful studio in Bamburi",Superhost,1 bed,Jan 1 – 8,$14,4.9,10,www.airbnb.com/rooms/34592643?adults=1&children=0&infants=0&check_in=2023-01-01&check_out=2023-01-08&previous_page_section_name=1000
159,Apartment in Mombasa,"The Lighthouse, Mombasa | AC | 1 Br | 43' Smart Tv",Superhost,1 bed,Aug 17 – 24,$32,4.83,18,www.airbnb.com/rooms/53367980?adults=1&children=0&infants=0&check_in=2022-08-17&check_out=2022-08-24&previous_page_section_name=1000
160,Condo in Mombasa,Goldie’s beach studio,Starter / Mid,1 bed,Feb 24 – Mar 3,$27,4.13,8,www.airbnb.com/rooms/50095906?adults=1&children=0&infants=0&check_in=2023-02-24&check_out=2023-03-03&previous_page_section_name=1000
161,Condo in Mombasa,"Coral Studio, Clean, pool, WiFi, lift and Netflix",Superhost,1 bed,Jul 28 – Aug 4,$28,4.81,21,www.airbnb.com/rooms/583648592504940285?adults=1&children=0&infants=0&check_in=2022-07-28&check_out=2022-08-04&previous_page_section_name=1000
162,Condo in Mombasa,"Stylish 2-Bedroom apt. All Ensuite with pool, Lift",Superhost,2 beds,Aug 8 – 15,$68,4.8,5,www.airbnb.com/rooms/613404406511746670?adults=1&children=0&infants=0&check_in=2022-08-08&check_out=2022-08-15&previous_page_section_name=1000
163,Condo in Mombasa ,"Clean, Co️mfy, Designer Studio, WiFi Netflix 50”TV",Superhost,1 queen bed,Sep 15 – 22,$27,4.84,116,www.airbnb.com/rooms/41245448?adults=1&children=0&infants=0&check_in=2022-09-15&check_out=2022-09-22&previous_page_section_name=1000
164,Apartment in Mtwapa,"Modern, Cozy Studio Wi-Fi|Netflix◇with Hot shower",Superhost,1 queen bed,Oct 29 – Nov 5,$20,4.97,36,www.airbnb.com/rooms/46421735?adults=1&children=0&infants=0&check_in=2022-10-29&check_out=2022-11-05&previous_page_section_name=1000
165,Apartment in Mombasa,"Sweet Haven, 1BR, Clean, Stylish, Wifi, Netflix",Superhost,1 double bed,Nov 15 – 22,$32,4.8,46,www.airbnb.com/rooms/47155450?adults=1&children=0&infants=0&check_in=2022-11-15&check_out=2022-11-22&previous_page_section_name=1000
166,Condo in Mombasa,"Sunshine Studio, Clean, pool, Wifi, lift, Netflix",Superhost,1 bed,Aug 11 – 18,$35,4.83,101,www.airbnb.com/rooms/45878393?adults=1&children=0&infants=0&check_in=2022-08-11&check_out=2022-08-18&previous_page_section_name=1000
167,Apartment in Mombasa,Executive Bamburi Seafront designer studio,Starter / Mid,3 beds,Apr 1 – 8,$43,4.67,198,www.airbnb.com/rooms/14531460?adults=1&children=0&infants=0&check_in=2023-04-01&check_out=2023-04-08&previous_page_section_name=1000
168,Condo in Mombasa,2 bedroom apartment Nyali turquoise with wifi,Starter / Mid,3 beds,Sep 3 – 10,$62,4.37,35,www.airbnb.com/rooms/38184787?adults=1&children=0&infants=0&check_in=2022-09-03&check_out=2022-09-10&previous_page_section_name=1000
169,Apartment in Mombasa,Stylish studio in Bamburi,Superhost,1 bed,Jun 25 – Jul 2,$17,4.77,22,www.airbnb.com/rooms/51220039?adults=1&children=0&infants=0&check_in=2023-06-25&check_out=2023-07-02&previous_page_section_name=1000
170,Apartment in Mombasa,Shirley’s Deluxe Apart. with Pool & Beach Access,Superhost,1 bed,Sep 12 – 19,$32,4.94,31,www.airbnb.com/rooms/50948447?adults=1&children=0&infants=0&check_in=2022-09-12&check_out=2022-09-19&previous_page_section_name=1000
171,Private room in Mombasa,SeaOne Nyali Mombasa Studio Private room w/ pool,Superhost,1 queen bed,Jul 22 – 29,$60,4.73,11,www.airbnb.com/rooms/54244452?adults=1&children=0&infants=0&check_in=2022-07-22&check_out=2022-07-29&previous_page_section_name=1000
172,Apartment in Mombasa,"STYLISH, CLEAN  1BR, WIFI,NETFLIX, HOT WATER NYALI",Starter / Mid,1 king bed,Nov 30 – Dec 7,$29,4.64,28,www.airbnb.com/rooms/49939712?adults=1&children=0&infants=0&check_in=2022-11-30&check_out=2022-12-07&previous_page_section_name=1000
173,Private room in Mombasa,Executive Room w/ Sea View  ★ En-suite,Superhost,1 double bed,Nov 19 – 26,$21,4.84,50,www.airbnb.com/rooms/41949012?adults=1&children=0&infants=0&check_in=2022-11-19&check_out=2022-11-26&previous_page_section_name=1000
174,Cottage in Tiwi,Luxury Honeymoon Cottage/Tent Tiwi Beach Kenya....,Superhost,2 beds,Nov 15 – 22,$164,4.93,139,www.airbnb.com/rooms/10556825?adults=1&children=0&infants=0&check_in=2022-11-15&check_out=2022-11-22&previous_page_section_name=1000
175,Private room in Mombasa,"Romantic 4 poster bed, sea view, own living room",Superhost,2 beds,Sep 11 – 18,$27,4.84,119,www.airbnb.com/rooms/11593645?adults=1&children=0&infants=0&check_in=2022-09-11&check_out=2022-09-18&previous_page_section_name=1000
176,Villa in Mombasa,Villa Ninety Four- Mombasa (North Coast),Starter / Mid,6 beds,Aug 31 – Sep 7,$40,4.78,9,www.airbnb.com/rooms/40727497?adults=1&children=0&infants=0&check_in=2022-08-31&check_out=2022-09-07&previous_page_section_name=1000
177,Apartment in Mombasa,"SERENE 1 BR, LIFT, WIFI, NETFLIX, HOT WATER, NYALI",Starter / Mid,1 queen bed,Aug 20 – 27,$32,4.71,31,www.airbnb.com/rooms/48006262?adults=1&children=0&infants=0&check_in=2022-08-20&check_out=2022-08-27&previous_page_section_name=1000
178,Private room in Mombasa,Ella Cozy studio Across the beach,Starter / Mid,1 double bed,May 17 – 24,$23,4.58,55,www.airbnb.com/rooms/42617550?adults=1&children=0&infants=0&check_in=2023-05-17&check_out=2023-05-24&previous_page_section_name=1000
179,Loft in Mombasa,Cosy Loft With Rooftop Swimming Pool -Nyali Road,Starter / Mid,2 beds,Dec 26 – Jan 2,$34,4.52,50,www.airbnb.com/rooms/50493489?adults=1&children=0&infants=0&check_in=2022-12-26&check_out=2023-01-02&previous_page_section_name=1000
180,Vacation home in Mombasa,Lovely Studio Apartment with a Pool,Starter / Mid,1 double bed,Dec 1 – 8,$16,4.7,23,www.airbnb.com/rooms/53866957?adults=1&children=0&infants=0&check_in=2022-12-01&check_out=2022-12-08&previous_page_section_name=1000
181,Condo in Mombasa,"Coral Studio, Clean, pool, WiFi, lift and Netflix",Superhost,1 bed,Nov 25 – Dec 2,$33,4.81,21,www.airbnb.com/rooms/583648592504940285?adults=1&children=0&infants=0&check_in=2022-11-25&check_out=2022-12-02&previous_page_section_name=1000
182,Condo in Mombasa,"Stylish 2-Bedroom apt. All Ensuite with pool, Lift",Superhost,2 beds,Sep 20 – 27,$68,4.8,5,www.airbnb.com/rooms/613404406511746670?adults=1&children=0&infants=0&check_in=2022-09-20&check_out=2022-09-27&previous_page_section_name=1000
183,Private room in Mombasa,SeaOne Nyali Mombasa Studio Private room w/ pool,Superhost,1 queen bed,Dec 7 – 14,$24,4.73,11,www.airbnb.com/rooms/54244452?adults=1&children=0&infants=0&check_in=2022-12-07&check_out=2022-12-14&previous_page_section_name=1000
184,Apartment in Mombasa,"Sweet Haven, 1BR, Clean, Stylish, Wifi, Netflix",Superhost,1 double bed,Aug 16 – 23,$27,4.8,46,www.airbnb.com/rooms/47155450?adults=1&children=0&infants=0&check_in=2022-08-16&check_out=2022-08-23&previous_page_section_name=1000
185,Condo in Mombasa ,"Clean, Co️mfy, Designer Studio, WiFi Netflix 50”TV",Superhost,1 queen bed,Nov 2 – 9,$29,4.84,116,www.airbnb.com/rooms/41245448?adults=1&children=0&infants=0&check_in=2022-11-02&check_out=2022-11-09&previous_page_section_name=1000
186,Apartment in Mtwapa,"Modern, Cozy Studio Wi-Fi|Netflix◇with Hot shower",Superhost,1 queen bed,Mar 20 – 27,$21,4.97,36,www.airbnb.com/rooms/46421735?adults=1&children=0&infants=0&check_in=2023-03-20&check_out=2023-03-27&previous_page_section_name=1000
187,Condo in Mombasa,"Sunshine Studio, Clean, pool, Wifi, lift, Netflix",Superhost,1 bed,Oct 28 – Nov 4,$32,4.83,101,www.airbnb.com/rooms/45878393?adults=1&children=0&infants=0&check_in=2022-10-28&check_out=2022-11-04&previous_page_section_name=1000
188,Loft in Mombasa,Cosy Loft With Rooftop Swimming Pool -Nyali Road,Starter / Mid,2 beds,Oct 6 – 13,$19,4.52,50,www.airbnb.com/rooms/50493489?adults=1&children=0&infants=0&check_in=2022-10-06&check_out=2022-10-13&previous_page_section_name=1000
189,Apartment in Mombasa,Stylish studio in Bamburi,Superhost,1 bed,Apr 19 – 26,$17,4.77,22,www.airbnb.com/rooms/51220039?adults=1&children=0&infants=0&check_in=2023-04-19&check_out=2023-04-26&previous_page_section_name=1000
190,Apartment in Mombasa,Executive Bamburi Seafront designer studio,Starter / Mid,3 beds,Sep 7 – 14,$49,4.67,198,www.airbnb.com/rooms/14531460?adults=1&children=0&infants=0&check_in=2022-09-07&check_out=2022-09-14&previous_page_section_name=1000
191,Apartment in Mombasa,"STYLISH, CLEAN  1BR, WIFI,NETFLIX, HOT WATER NYALI",Starter / Mid,1 king bed,Nov 1 – 8,$28,4.64,28,www.airbnb.com/rooms/49939712?adults=1&children=0&infants=0&check_in=2022-11-01&check_out=2022-11-08&previous_page_section_name=1000
192,Apartment in Mombasa,Shirley’s Deluxe Apart. with Pool & Beach Access,Superhost,1 bed,Oct 26 – Nov 2,$32,4.94,31,www.airbnb.com/rooms/50948447?adults=1&children=0&infants=0&check_in=2022-10-26&check_out=2022-11-02&previous_page_section_name=1000
193,Condo in Mombasa,2 bedroom apartment Nyali turquoise with wifi,Starter / Mid,3 beds,Aug 2 – 9,$67,4.37,35,www.airbnb.com/rooms/38184787?adults=1&children=0&infants=0&check_in=2022-08-02&check_out=2022-08-09&previous_page_section_name=1000
194,Private room in Mombasa,Executive Room w/ Sea View  ★ En-suite,Superhost,1 double bed,Mar 28 – Apr 4,$21,4.84,50,www.airbnb.com/rooms/41949012?adults=1&children=0&infants=0&check_in=2023-03-28&check_out=2023-04-04&previous_page_section_name=1000
195,Cottage in Tiwi,Luxury Honeymoon Cottage/Tent Tiwi Beach Kenya....,Superhost,2 beds,Nov 15 – 22,$164,4.93,139,www.airbnb.com/rooms/10556825?adults=1&children=0&infants=0&check_in=2022-11-15&check_out=2022-11-22&previous_page_section_name=1000
196,Private room in Mombasa,"Romantic 4 poster bed, sea view, own living room",Superhost,2 beds,Sep 10 – 17,$27,4.84,119,www.airbnb.com/rooms/11593645?adults=1&children=0&infants=0&check_in=2022-09-10&check_out=2022-09-17&previous_page_section_name=1000
197,Apartment in Mombasa,Royal 2 Bedroom Sea View Apartment in Nyali,Starter / Mid,2 beds,Sep 8 – 15,$65,4.79,39,www.airbnb.com/rooms/45523966?adults=1&children=0&infants=0&check_in=2022-09-08&check_out=2022-09-15&previous_page_section_name=1000
198,Apartment in Mombasa,"SERENE 1 BR, LIFT, WIFI, NETFLIX, HOT WATER, NYALI",Starter / Mid,1 queen bed,Sep 4 – 11,$31,4.71,31,www.airbnb.com/rooms/48006262?adults=1&children=0&infants=0&check_in=2022-09-04&check_out=2022-09-11&previous_page_section_name=1000
199,Private room in Mombasa,Ella Cozy studio Across the beach,Starter / Mid,1 double bed,Jun 3 – 10,$23,4.58,55,www.airbnb.com/rooms/42617550?adults=1&children=0&infants=0&check_in=2023-06-03&check_out=2023-06-10&previous_page_section_name=1000
200,Villa in Mombasa,Villa Ninety Four- Mombasa (North Coast),Starter / Mid,6 beds,Sep 1 – 8,$41,4.78,9,www.airbnb.com/rooms/40727497?adults=1&children=0&infants=0&check_in=2022-09-01&check_out=2022-09-08&previous_page_section_name=1000
201,Condo in Mombasa ,"Clean, Co️mfy, Designer Studio, WiFi Netflix 50”TV",Superhost,1 queen bed,Aug 20 – 27,$27,4.84,116,www.airbnb.com/rooms/41245448?adults=1&children=0&infants=0&check_in=2022-08-20&check_out=2022-08-27&previous_page_section_name=1000
202,Condo in Mombasa,"Coral Studio, Clean, pool, WiFi, lift and Netflix",Superhost,1 bed,Jul 27 – Aug 3,$28,4.81,21,www.airbnb.com/rooms/583648592504940285?adults=1&children=0&infants=0&check_in=2022-07-27&check_out=2022-08-03&previous_page_section_name=1000
203,Vacation home in Mombasa,Lovely Studio Apartment with a Pool,Starter / Mid,1 double bed,Sep 20 – 27,$14,4.7,23,www.airbnb.com/rooms/53866957?adults=1&children=0&infants=0&check_in=2022-09-20&check_out=2022-09-27&previous_page_section_name=1000
204,Private room in Mombasa,"Romantic 4 poster bed, sea view, own living room",Superhost,2 beds,Aug 30 – Sep 6,$27,4.84,119,www.airbnb.com/rooms/11593645?adults=1&children=0&infants=0&check_in=2022-08-30&check_out=2022-09-06&previous_page_section_name=1000
205,Apartment in Mombasa,SERENE STUDIO. (King Size Bed).,Starter / Mid,1 king bed,Aug 31 – Sep 7,$18,4.5,10,www.airbnb.com/rooms/556855670956145729?adults=1&children=0&infants=0&check_in=2022-08-31&check_out=2022-09-07&previous_page_section_name=1000
206,Apartment in Mombasa,Cosy 1 bedroom rental unit in serene environment,Starter / Mid,1 bed,Feb 6 – 13,$19,4.72,25,www.airbnb.com/rooms/53795704?adults=1&children=0&infants=0&check_in=2023-02-06&check_out=2023-02-13&previous_page_section_name=1000
207,Apartment in Mtwapa,"Modern, Cozy Studio Wi-Fi|Netflix◇with Hot shower",Superhost,1 queen bed,Feb 3 – 10,$21,4.97,36,www.airbnb.com/rooms/46421735?adults=1&children=0&infants=0&check_in=2023-02-03&check_out=2023-02-10&previous_page_section_name=1000
208,Condo in Mombasa,"Sunshine Studio, Clean, pool, Wifi, lift, Netflix",Superhost,1 bed,Nov 3 – 10,$32,4.83,101,www.airbnb.com/rooms/45878393?adults=1&children=0&infants=0&check_in=2022-11-03&check_out=2022-11-10&previous_page_section_name=1000
209,Private room in Mombasa,"Luxurious low bed, private ensuite, seaview!",Superhost,2 beds,Nov 22 – 29,$32,4.79,114,www.airbnb.com/rooms/18145464?adults=1&children=0&infants=0&check_in=2022-11-22&check_out=2022-11-29&previous_page_section_name=1000
210,Private room in Mombasa,Ella Cozy studio Across the beach,Starter / Mid,1 double bed,Mar 19 – 26,$23,4.58,55,www.airbnb.com/rooms/42617550?adults=1&children=0&infants=0&check_in=2023-03-19&check_out=2023-03-26&previous_page_section_name=1000
211,Apartment in Mombasa,Stylish One bedroom Apartment,Starter / Mid,1 bed,Sep 23 – 30,$33,4.57,21,www.airbnb.com/rooms/52791569?adults=1&children=0&infants=0&check_in=2022-09-23&check_out=2022-09-30&previous_page_section_name=1000
212,Condo in Mombasa,"Afrodelic one bed; free parking,close to the beach",Starter / Mid,1 bed,Jul 31 – Aug 7,$22,4.5,10,www.airbnb.com/rooms/584534934370251416?adults=1&children=0&infants=0&check_in=2022-07-31&check_out=2022-08-07&previous_page_section_name=1000
213,Condo in Diani Beach,Nakamu 33 beachlife,Starter / Mid,1 king bed,Jul 21 – 28,$28,4.71,66,www.airbnb.com/rooms/47712409?adults=1&children=0&infants=0&check_in=2022-07-21&check_out=2022-07-28&previous_page_section_name=1000
214,Private room in Mombasa,"Cute, breezy, single room, own bathroom.",Superhost,1 bed,Dec 30 – Jan 6,$21,4.91,22,www.airbnb.com/rooms/18147537?adults=1&children=0&infants=0&check_in=2022-12-30&check_out=2023-01-06&previous_page_section_name=1000
215,Condo in Mombasa,Executive 1 bedroom apartment with free wifi.,Starter / Mid,1 bed,Jul 31 – Aug 7,$13,4.43,23,www.airbnb.com/rooms/52725971?adults=1&children=0&infants=0&check_in=2022-07-31&check_out=2022-08-07&previous_page_section_name=1000
216,Apartment in Mombasa,"Sweet Haven, 1BR, Clean, Stylish, Wifi, Netflix",Superhost,1 double bed,Nov 29 – Dec 6,$32,4.8,46,www.airbnb.com/rooms/47155450?adults=1&children=0&infants=0&check_in=2022-11-29&check_out=2022-12-06&previous_page_section_name=1000
217,Condo in Mombasa,"Cosy One Bedroom on Beach Road, Nyali",Superhost,1 bed,May 12 – 19,$25,4.78,9,www.airbnb.com/rooms/575323390872038723?adults=1&children=0&infants=0&check_in=2023-05-12&check_out=2023-05-19&previous_page_section_name=1000
218,Apartment in Mombasa,"STYLISH, CLEAN  1BR, WIFI,NETFLIX, HOT WATER NYALI",Starter / Mid,1 king bed,Oct 24 – 31,$28,4.64,28,www.airbnb.com/rooms/49939712?adults=1&children=0&infants=0&check_in=2022-10-24&check_out=2022-10-31&previous_page_section_name=1000
219,Apartment in Mombasa,"Clean, lovely, and peaceful studio in Bamburi",Superhost,1 bed,Apr 19 – 26,$14,4.9,10,www.airbnb.com/rooms/34592643?adults=1&children=0&infants=0&check_in=2023-04-19&check_out=2023-04-26&previous_page_section_name=1000
220,Condo in Mombasa,Goldie’s beach studio,Starter / Mid,1 bed,Jan 17 – 24,$27,4.13,8,www.airbnb.com/rooms/50095906?adults=1&children=0&infants=0&check_in=2023-01-17&check_out=2023-01-24&previous_page_section_name=1000
221,Condo in Mombasa,"Coral Studio, Clean, pool, WiFi, lift and Netflix",Superhost,1 bed,Jul 27 – Aug 3,$28,4.81,21,www.airbnb.com/rooms/583648592504940285?adults=1&children=0&infants=0&check_in=2022-07-27&check_out=2022-08-03&previous_page_section_name=1000
222,Apartment in Mombasa,"NyaliLux 4bdrm Penthouse wth ocean view,pool&gym",Starter / Mid,4 beds,Sep 6 – 13,$81,4.09,11,www.airbnb.com/rooms/37871314?adults=1&children=0&infants=0&check_in=2022-09-06&check_out=2022-09-13&previous_page_section_name=1000
223,Condo in Mombasa,"Stylish 2-Bedroom apt. All Ensuite with pool, Lift",Superhost,2 beds,Nov 27 – Dec 4,$70,4.8,5,www.airbnb.com/rooms/613404406511746670?adults=1&children=0&infants=0&check_in=2022-11-27&check_out=2022-12-04&previous_page_section_name=1000
224,Apartment in Mombasa,Stylish One bedroom Apartment,Starter / Mid,1 bed,Aug 25 – Sep 1,$33,4.57,21,www.airbnb.com/rooms/52791569?adults=1&children=0&infants=0&check_in=2022-08-25&check_out=2022-09-01&previous_page_section_name=1000
225,Cottage in Tiwi,Luxury Honeymoon Cottage/Tent Tiwi Beach Kenya....,Superhost,2 beds,Nov 26 – Dec 3,$164,4.93,139,www.airbnb.com/rooms/10556825?adults=1&children=0&infants=0&check_in=2022-11-26&check_out=2022-12-03&previous_page_section_name=1000
226,Apartment in Mombasa,Royal 2 Bedroom Sea View Apartment in Nyali,Starter / Mid,2 beds,Aug 15 – 22,$65,4.79,39,www.airbnb.com/rooms/45523966?adults=1&children=0&infants=0&check_in=2022-08-15&check_out=2022-08-22&previous_page_section_name=1000
227,Apartment in Mombasa,"Sweet Haven, 1BR, Clean, Stylish, Wifi, Netflix",Superhost,1 double bed,Oct 20 – 27,$31,4.8,46,www.airbnb.com/rooms/47155450?adults=1&children=0&infants=0&check_in=2022-10-20&check_out=2022-10-27&previous_page_section_name=1000
228,Apartment in Mtwapa,"Modern, Cozy Studio Wi-Fi|Netflix◇with Hot shower",Superhost,1 queen bed,Jan 2 – 9,$21,4.97,36,www.airbnb.com/rooms/46421735?adults=1&children=0&infants=0&check_in=2023-01-02&check_out=2023-01-09&previous_page_section_name=1000
229,Apartment in Mombasa,"The Teal House, Mombasa || 1 Br || 43' Smart Tv",Superhost,1 bed,Aug 19 – 26,$32,5.0,4,www.airbnb.com/rooms/630206329943518985?adults=1&children=0&infants=0&check_in=2022-08-19&check_out=2022-08-26&previous_page_section_name=1000
230,Apartment in Mombasa,Stylish studio in Bamburi,Superhost,1 bed,Oct 19 – 26,$18,4.77,22,www.airbnb.com/rooms/51220039?adults=1&children=0&infants=0&check_in=2022-10-19&check_out=2022-10-26&previous_page_section_name=1000
231,Apartment in Mombasa,Coconut,Starter / Mid,4 beds,Nov 22 – 29,$42,4.47,75,www.airbnb.com/rooms/33987032?adults=1&children=0&infants=0&check_in=2022-11-22&check_out=2022-11-29&previous_page_section_name=1000
232,Condo in Mombasa ,"Clean, Co️mfy, Designer Studio, WiFi Netflix 50”TV",Superhost,1 queen bed,Aug 2 – 9,$35,4.84,116,www.airbnb.com/rooms/41245448?adults=1&children=0&infants=0&check_in=2022-08-02&check_out=2022-08-09&previous_page_section_name=1000
233,Condo in Mombasa,Bamburi Fisheries A1 Cheap and Cosy 1Bedroom,Starter / Mid,1 queen bed,Jun 18 – 25,$14,4.6,5,www.airbnb.com/rooms/36294576?adults=1&children=0&infants=0&check_in=2023-06-18&check_out=2023-06-25&previous_page_section_name=1000
234,Apartment in Mombasa,Cozy poolside 2 bed unit 5 mins walk to the beach.,Starter / Mid,2 beds,Aug 8 – 15,$34,4.71,28,www.airbnb.com/rooms/48408729?adults=1&children=0&infants=0&check_in=2022-08-08&check_out=2022-08-15&previous_page_section_name=1000
235,Vacation home in Mombasa,Lovely Studio Apartment with a Pool,Starter / Mid,1 double bed,May 6 – 13,$16,4.7,23,www.airbnb.com/rooms/53866957?adults=1&children=0&infants=0&check_in=2023-05-06&check_out=2023-05-13&previous_page_section_name=1000
236,Condo in Mombasa,Cozy studio with a free parking on premises,Starter / Mid,1 bed,Aug 11 – 18,$25,5.0,3,www.airbnb.com/rooms/649244496391409388?adults=1&children=0&infants=0&check_in=2022-08-11&check_out=2022-08-18&previous_page_section_name=1000
237,Condo in Mombasa,"Serene 2-BR Beachfront Apartment with Pool, WiFi",Superhost,3 beds,Aug 20 – 27,$57,New,0,www.airbnb.com/rooms/646948858122528113?adults=1&children=0&infants=0&check_in=2022-08-20&check_out=2022-08-27&previous_page_section_name=1000
238,Private room in Mombasa,SeaOne Nyali Mombasa Studio Private room w/ pool,Superhost,1 queen bed,Aug 10 – 17,$53,4.73,11,www.airbnb.com/rooms/54244452?adults=1&children=0&infants=0&check_in=2022-08-10&check_out=2022-08-17&previous_page_section_name=1000
239,Apartment in Mombasa,"STYLISH, CLEAN  1BR, WIFI,NETFLIX, HOT WATER NYALI",Starter / Mid,1 king bed,Dec 18 – 25,$29,4.64,28,www.airbnb.com/rooms/49939712?adults=1&children=0&infants=0&check_in=2022-12-18&check_out=2022-12-25&previous_page_section_name=1000
240,Private room in Mombasa,Lovely single bed units for sleep over,Starter / Mid,1 bed,Dec 11 – 18,$12,New,0,www.airbnb.com/rooms/637972931550302452?adults=1&children=0&infants=0&check_in=2022-12-11&check_out=2022-12-18&previous_page_section_name=1000
241,Private room in Mombasa,SeaOne Nyali Mombasa Studio Private room w/ pool,Superhost,1 queen bed,Dec 13 – 20,$24,New,0,www.airbnb.com/rooms/54244452?adults=1&children=0&infants=0&check_in=2022-12-13&check_out=2022-12-20&previous_page_section_name=1000
242,Apartment in Mombasa,Stylish studio in Bamburi,Superhost,1 bed,May 21 – 28,$17,New,0,www.airbnb.com/rooms/51220039?adults=1&children=0&infants=0&check_in=2023-05-21&check_out=2023-05-28&previous_page_section_name=1000
243,Cottage in Tiwi,Luxury Honeymoon Cottage/Tent Tiwi Beach Kenya....,Superhost,2 beds,Dec 1 – 8,$164,New,0,www.airbnb.com/rooms/10556825?adults=1&children=0&infants=0&check_in=2022-12-01&check_out=2022-12-08&previous_page_section_name=1000
244,Condo in Mombasa,Cozy studio with a free parking on premises,Starter / Mid,1 bed,Sep 9 – 16,$25,New,0,www.airbnb.com/rooms/649244496391409388?adults=1&children=0&infants=0&check_in=2022-09-09&check_out=2022-09-16&previous_page_section_name=1000
245,Apartment in Mombasa,Stylish One bedroom Apartment,Starter / Mid,1 bed,Sep 14 – 21,$33,New,0,www.airbnb.com/rooms/52791569?adults=1&children=0&infants=0&check_in=2022-09-14&check_out=2022-09-21&previous_page_section_name=1000
246,Apartment in Mombasa,"Sweet Haven, 1BR, Clean, Stylish, Wifi, Netflix",Superhost,1 double bed,Aug 15 – 22,$27,New,0,www.airbnb.com/rooms/47155450?adults=1&children=0&infants=0&check_in=2022-08-15&check_out=2022-08-22&previous_page_section_name=1000
247,Condo in Mombasa,Goldie’s beach studio,Starter / Mid,1 bed,Apr 14 – 21,$27,New,0,www.airbnb.com/rooms/50095906?adults=1&children=0&infants=0&check_in=2023-04-14&check_out=2023-04-21&previous_page_section_name=1000
248,Apartment in Mtwapa,"Modern, Cozy Studio Wi-Fi|Netflix◇with Hot shower",Superhost,1 queen bed,Mar 29 – Apr 5,$21,New,0,www.airbnb.com/rooms/46421735?adults=1&children=0&infants=0&check_in=2023-03-29&check_out=2023-04-05&previous_page_section_name=1000
249,Condo in Mombasa,"Stylish 2-Bedroom apt. All Ensuite with pool, Lift",Superhost,2 beds,Nov 7 – 14,$68,New,0,www.airbnb.com/rooms/613404406511746670?adults=1&children=0&infants=0&check_in=2022-11-07&check_out=2022-11-14&previous_page_section_name=1000
250,Condo in Mombasa ,"Clean, Co️mfy, Designer Studio, WiFi Netflix 50”TV",Superhost,1 queen bed,Aug 31 – Sep 7,$34,New,0,www.airbnb.com/rooms/41245448?adults=1&children=0&infants=0&check_in=2022-08-31&check_out=2022-09-07&previous_page_section_name=1000
251,Vacation home in Mombasa,Lovely Studio Apartment with a Pool,Starter / Mid,1 double bed,Apr 22 – 29,$16,New,0,www.airbnb.com/rooms/53866957?adults=1&children=0&infants=0&check_in=2023-04-22&check_out=2023-04-29&previous_page_section_name=1000
252,Private room in Mombasa,"Romantic 4 poster bed, sea view, own living room",Superhost,2 beds,Aug 11 – 18,$27,New,0,www.airbnb.com/rooms/11593645?adults=1&children=0&infants=0&check_in=2022-08-11&check_out=2022-08-18&previous_page_section_name=1000
253,Condo in Mombasa,2 bedroom apartment Nyali turquoise with wifi,Starter / Mid,3 beds,Aug 15 – 22,$67,New,0,www.airbnb.com/rooms/38184787?adults=1&children=0&infants=0&check_in=2022-08-15&check_out=2022-08-22&previous_page_section_name=1000
254,Condo in Mombasa,"Coral Studio, Clean, pool, WiFi, lift and Netflix",Superhost,1 bed,Nov 14 – 21,$34,New,0,www.airbnb.com/rooms/583648592504940285?adults=1&children=0&infants=0&check_in=2022-11-14&check_out=2022-11-21&previous_page_section_name=1000
255,Apartment in Mombasa,"STYLISH, CLEAN  1BR, WIFI,NETFLIX, HOT WATER NYALI",Starter / Mid,1 king bed,Dec 12 – 19,$29,New,0,www.airbnb.com/rooms/49939712?adults=1&children=0&infants=0&check_in=2022-12-12&check_out=2022-12-19&previous_page_section_name=1000
256,Condo in Mombasa,"Serene 2-BR Beachfront Apartment with Pool, WiFi",Superhost,3 beds,Apr 10 – 17,$60,New,0,www.airbnb.com/rooms/646948858122528113?adults=1&children=0&infants=0&check_in=2023-04-10&check_out=2023-04-17&previous_page_section_name=1000
257,Condo in Mombasa,MICASA 2 BEDROOM NYALI WITH WIFI/POOL/JACUZZI/LIFT,Starter / Mid,2 beds,Oct 11 – 18,$62,New,0,www.airbnb.com/rooms/53354619?adults=1&children=0&infants=0&check_in=2022-10-11&check_out=2022-10-18&previous_page_section_name=1000
258,Apartment in Mombasa,Shirley’s Deluxe Apart. with Pool & Beach Access,Superhost,1 bed,Nov 6 – 13,$32,New,0,www.airbnb.com/rooms/50948447?adults=1&children=0&infants=0&check_in=2022-11-06&check_out=2022-11-13&previous_page_section_name=1000
259,Apartment in Mombasa,"Benice bloom, cossy and classy apartment",Starter / Mid,1 bed,Dec 8 – 15,$24,New,0,www.airbnb.com/rooms/562910447834619908?adults=1&children=0&infants=0&check_in=2022-12-08&check_out=2022-12-15&previous_page_section_name=1000
260,Apartment in Mombasa,SERENE STUDIO. (King Size Bed).,Starter / Mid,1 king bed,Mar 5 – 12,$18,New,0,www.airbnb.com/rooms/556855670956145729?adults=1&children=0&infants=0&check_in=2023-03-05&check_out=2023-03-12&previous_page_section_name=1000
261,Loft in Mombasa,Cosy Loft With Rooftop Swimming Pool -Nyali Road,Starter / Mid,2 beds,Aug 18 – 25,$18,New,0,www.airbnb.com/rooms/50493489?adults=1&children=0&infants=0&check_in=2022-08-18&check_out=2022-08-25&previous_page_section_name=1000
262,Private room in Mombasa,SeaOne Nyali Mombasa Studio Private room w/ pool,Superhost,1 queen bed,Dec 14 – 21,$24,New,0,www.airbnb.com/rooms/54244452?adults=1&children=0&infants=0&check_in=2022-12-14&check_out=2022-12-21&previous_page_section_name=1000
263,Condo in Mombasa,"Stylish 2-Bedroom apt. All Ensuite with pool, Lift",Superhost,2 beds,Aug 24 – 31,$52,New,0,www.airbnb.com/rooms/613404406511746670?adults=1&children=0&infants=0&check_in=2022-08-24&check_out=2022-08-31&previous_page_section_name=1000
264,Cottage in Tiwi,Luxury Honeymoon Cottage/Tent Tiwi Beach Kenya....,Superhost,2 beds,Dec 2 – 9,$164,New,0,www.airbnb.com/rooms/10556825?adults=1&children=0&infants=0&check_in=2022-12-02&check_out=2022-12-09&previous_page_section_name=1000
265,Apartment in Mombasa,Stylish studio in Bamburi,Superhost,1 bed,Jun 14 – 21,$17,New,0,www.airbnb.com/rooms/51220039?adults=1&children=0&infants=0&check_in=2023-06-14&check_out=2023-06-21&previous_page_section_name=1000
266,Condo in Mombasa,Cozy studio with a free parking on premises,Starter / Mid,1 bed,Dec 10 – 17,$25,New,0,www.airbnb.com/rooms/649244496391409388?adults=1&children=0&infants=0&check_in=2022-12-10&check_out=2022-12-17&previous_page_section_name=1000
267,Apartment in Mombasa,"Benice bloom, cossy and classy apartment",Starter / Mid,1 bed,Jul 27 – Aug 3,$20,New,0,www.airbnb.com/rooms/562910447834619908?adults=1&children=0&infants=0&check_in=2022-07-27&check_out=2022-08-03&previous_page_section_name=1000
268,Apartment in Mombasa,Stylish One bedroom Apartment,Starter / Mid,1 bed,Jan 19 – 26,$33,New,0,www.airbnb.com/rooms/52791569?adults=1&children=0&infants=0&check_in=2023-01-19&check_out=2023-01-26&previous_page_section_name=1000
269,Apartment in Mtwapa,"Modern, Cozy Studio Wi-Fi|Netflix◇with Hot shower",Superhost,1 queen bed,Mar 18 – 25,$21,New,0,www.airbnb.com/rooms/46421735?adults=1&children=0&infants=0&check_in=2023-03-18&check_out=2023-03-25&previous_page_section_name=1000
270,Apartment in Mombasa,"Sweet Haven, 1BR, Clean, Stylish, Wifi, Netflix",Superhost,1 double bed,Sep 6 – 13,$27,New,0,www.airbnb.com/rooms/47155450?adults=1&children=0&infants=0&check_in=2022-09-06&check_out=2022-09-13&previous_page_section_name=1000
271,Apartment in Mombasa,"STYLISH, CLEAN  1BR, WIFI,NETFLIX, HOT WATER NYALI",Starter / Mid,1 king bed,Oct 6 – 13,$27,New,0,www.airbnb.com/rooms/49939712?adults=1&children=0&infants=0&check_in=2022-10-06&check_out=2022-10-13&previous_page_section_name=1000
272,Condo in Mombasa,"Coral Studio, Clean, pool, WiFi, lift and Netflix",Superhost,1 bed,Aug 25 – Sep 1,$30,New,0,www.airbnb.com/rooms/583648592504940285?adults=1&children=0&infants=0&check_in=2022-08-25&check_out=2022-09-01&previous_page_section_name=1000
273,Vacation home in Mombasa,Lovely Studio Apartment with a Pool,Starter / Mid,1 double bed,Jun 6 – 13,$16,New,0,www.airbnb.com/rooms/53866957?adults=1&children=0&infants=0&check_in=2023-06-06&check_out=2023-06-13&previous_page_section_name=1000
274,Apartment in Mombasa,Royal 2 Bedroom Sea View Apartment in Nyali,Starter / Mid,2 beds,Sep 8 – 15,$65,New,0,www.airbnb.com/rooms/45523966?adults=1&children=0&infants=0&check_in=2022-09-08&check_out=2022-09-15&previous_page_section_name=1000
275,Private room in Mombasa,"Romantic 4 poster bed, sea view, own living room",Superhost,2 beds,Sep 5 – 12,$28,New,0,www.airbnb.com/rooms/11593645?adults=1&children=0&infants=0&check_in=2022-09-05&check_out=2022-09-12&previous_page_section_name=1000
276,Condo in Mombasa ,"Clean, Co️mfy, Designer Studio, WiFi Netflix 50”TV",Superhost,1 queen bed,Nov 17 – 24,$29,New,0,www.airbnb.com/rooms/41245448?adults=1&children=0&infants=0&check_in=2022-11-17&check_out=2022-11-24&previous_page_section_name=1000
277,Condo in Mombasa,"Serene 2-BR Beachfront Apartment with Pool, WiFi",Superhost,3 beds,Sep 4 – 11,$57,New,0,www.airbnb.com/rooms/646948858122528113?adults=1&children=0&infants=0&check_in=2022-09-04&check_out=2022-09-11&previous_page_section_name=1000
278,Condo in Mombasa,MICASA 2 BEDROOM NYALI WITH WIFI/POOL/JACUZZI/LIFT,Starter / Mid,2 beds,Oct 4 – 11,$62,New,0,www.airbnb.com/rooms/53354619?adults=1&children=0&infants=0&check_in=2022-10-04&check_out=2022-10-11&previous_page_section_name=1000
279,Apartment in Mombasa,Shirley’s Deluxe Apart. with Pool & Beach Access,Superhost,1 bed,Jul 11 – 18,$32,New,0,www.airbnb.com/rooms/50948447?adults=1&children=0&infants=0&check_in=2022-07-11&check_out=2022-07-18&previous_page_section_name=1000
280,Apartment in Mombasa,"The Teal House, Mombasa || 1 Br || 43' Smart Tv",Superhost,1 bed,Sep 5 – 12,$32,New,0,www.airbnb.com/rooms/630206329943518985?adults=1&children=0&infants=0&check_in=2022-09-05&check_out=2022-09-12&previous_page_section_name=1000
281,Condo in Mombasa,"Stylish 2-Bedroom apt. All Ensuite with pool, Lift",Superhost,2 beds,Nov 10 – 17,$68,New,0,www.airbnb.com/rooms/613404406511746670?adults=1&children=0&infants=0&check_in=2022-11-10&check_out=2022-11-17&previous_page_section_name=1000
282,Private room in Mombasa,SeaOne Nyali Mombasa Studio Private room w/ pool,Superhost,1 queen bed,Dec 11 – 18,$24,New,0,www.airbnb.com/rooms/54244452?adults=1&children=0&infants=0&check_in=2022-12-11&check_out=2022-12-18&previous_page_section_name=1000
283,Apartment in Mombasa,"Sweet Haven, 1BR, Clean, Stylish, Wifi, Netflix",Superhost,1 double bed,Sep 27 – Oct 4,$28,New,0,www.airbnb.com/rooms/47155450?adults=1&children=0&infants=0&check_in=2022-09-27&check_out=2022-10-04&previous_page_section_name=1000
284,Condo in Mombasa,"Sunshine Studio, Clean, pool, Wifi, lift, Netflix",Superhost,1 bed,Aug 2 – 9,$39,New,0,www.airbnb.com/rooms/45878393?adults=1&children=0&infants=0&check_in=2022-08-02&check_out=2022-08-09&previous_page_section_name=1000
285,Apartment in Mtwapa,"Modern, Cozy Studio Wi-Fi|Netflix◇with Hot shower",Superhost,1 queen bed,Mar 2 – 9,$21,New,0,www.airbnb.com/rooms/46421735?adults=1&children=0&infants=0&check_in=2023-03-02&check_out=2023-03-09&previous_page_section_name=1000
286,Condo in Mombasa ,"Clean, Co️mfy, Designer Studio, WiFi Netflix 50”TV",Superhost,1 queen bed,Oct 10 – 17,$36,New,0,www.airbnb.com/rooms/41245448?adults=1&children=0&infants=0&check_in=2022-10-10&check_out=2022-10-17&previous_page_section_name=1000
287,Condo in Mombasa,"Coral Studio, Clean, pool, WiFi, lift and Netflix",Superhost,1 bed,Dec 26 – Jan 2,$50,New,0,www.airbnb.com/rooms/583648592504940285?adults=1&children=0&infants=0&check_in=2022-12-26&check_out=2023-01-02&previous_page_section_name=1000
288,Apartment in Mombasa,Executive Bamburi Seafront designer studio,Starter / Mid,3 beds,Feb 16 – 23,$43,New,0,www.airbnb.com/rooms/14531460?adults=1&children=0&infants=0&check_in=2023-02-16&check_out=2023-02-23&previous_page_section_name=1000
289,Apartment in Mombasa,Stylish studio in Bamburi,Superhost,1 bed,Aug 18 – 25,$18,New,0,www.airbnb.com/rooms/51220039?adults=1&children=0&infants=0&check_in=2022-08-18&check_out=2022-08-25&previous_page_section_name=1000
290,Apartment in Mombasa,Shirley’s Deluxe Apart. with Pool & Beach Access,Superhost,1 bed,Aug 2 – 9,$32,New,0,www.airbnb.com/rooms/50948447?adults=1&children=0&infants=0&check_in=2022-08-02&check_out=2022-08-09&previous_page_section_name=1000
291,Private room in Mombasa,"Romantic 4 poster bed, sea view, own living room",Superhost,2 beds,Aug 2 – 9,$27,New,0,www.airbnb.com/rooms/11593645?adults=1&children=0&infants=0&check_in=2022-08-02&check_out=2022-08-09&previous_page_section_name=1000
292,Private room in Mombasa,Executive Room w/ Sea View  ★ En-suite,Superhost,1 double bed,Feb 28 – Mar 7,$21,New,0,www.airbnb.com/rooms/41949012?adults=1&children=0&infants=0&check_in=2023-02-28&check_out=2023-03-07&previous_page_section_name=1000
293,Cottage in Tiwi,Luxury Honeymoon Cottage/Tent Tiwi Beach Kenya....,Superhost,2 beds,Nov 27 – Dec 4,$164,New,0,www.airbnb.com/rooms/10556825?adults=1&children=0&infants=0&check_in=2022-11-27&check_out=2022-12-04&previous_page_section_name=1000
294,Apartment in Mombasa,"STYLISH, CLEAN  1BR, WIFI,NETFLIX, HOT WATER NYALI",Starter / Mid,1 king bed,Jul 13 – 20,$32,New,0,www.airbnb.com/rooms/49939712?adults=1&children=0&infants=0&check_in=2022-07-13&check_out=2022-07-20&previous_page_section_name=1000
295,Condo in Mombasa,2 bedroom apartment Nyali turquoise with wifi,Starter / Mid,3 beds,Jul 16 – 23,$67,New,0,www.airbnb.com/rooms/38184787?adults=1&children=0&infants=0&check_in=2022-07-16&check_out=2022-07-23&previous_page_section_name=1000
296,Vacation home in Mombasa,Lovely Studio Apartment with a Pool,Starter / Mid,1 double bed,Dec 13 – 20,$16,New,0,www.airbnb.com/rooms/53866957?adults=1&children=0&infants=0&check_in=2022-12-13&check_out=2022-12-20&previous_page_section_name=1000
297,Apartment in Mombasa,"SERENE 1 BR, LIFT, WIFI, NETFLIX, HOT WATER, NYALI",Starter / Mid,1 queen bed,Sep 27 – Oct 4,$31,New,0,www.airbnb.com/rooms/48006262?adults=1&children=0&infants=0&check_in=2022-09-27&check_out=2022-10-04&previous_page_section_name=1000
298,Apartment in Mombasa,Stylish One bedroom Apartment,Starter / Mid,1 bed,Jan 28 – Feb 4,$33,New,0,www.airbnb.com/rooms/52791569?adults=1&children=0&infants=0&check_in=2023-01-28&check_out=2023-02-04&previous_page_section_name=1000
299,Private room in Mombasa,Ella Cozy studio Across the beach,Starter / Mid,1 double bed,Mar 23 – 30,$23,New,0,www.airbnb.com/rooms/42617550?adults=1&children=0&infants=0&check_in=2023-03-23&check_out=2023-03-30&previous_page_section_name=1000
300,Private room in Mombasa,"Luxurious low bed, private ensuite, seaview!",Superhost,2 beds,Dec 10 – 17,$32,New,0,www.airbnb.com/rooms/18145464?adults=1&children=0&infants=0&check_in=2022-12-10&check_out=2022-12-17&previous_page_section_name=1000
